{
  "val_samples": 9,
  "standoff_labeled_n": 9,
  "wp_mse_per_dim": [
    8.278087625512853e-05,
    0.00011374798486940563,
    0.00016855052672326565,
    0.0004493114538490772,
    0.007727346383035183,
    0.0012798691168427467,
    0.0005366760888136923,
    0.007649519480764866,
    0.00042255237349309027
  ],
  "wp_mae_per_dim": [
    0.007222968619316816,
    0.008054203353822231,
    0.010014533996582031,
    0.015084877610206604,
    0.06719548255205154,
    0.022667990997433662,
    0.016972575336694717,
    0.06730367243289948,
    0.013397825881838799
  ],
  "wp_mse_overall": 0.0020478172227740288,
  "wp_mae_overall": 0.025323789566755295,
  "so_mse_per_dim": [
    0.0016697489190846682,
    0.0010564164258539677,
    4.18441450165119e-05
  ],
  "so_mae_per_dim": [
    0.031204896047711372,
    0.02781805396080017,
    0.0062224362045526505
  ],
  "per_sample": [
    {
      "episode_id": "20260429_182041",
      "input": [
        0.5538507103919983,
        -0.03455809876322746,
        0.12941496074199677,
        1.0,
        0.0
      ],
      "wp_pred": [
        0.042735710740089417,
        -1.188613772392273,
        -1.2924737930297852,
        0.06279285252094269,
        -1.3595446348190308,
        -1.0194652080535889,
        0.06555544584989548,
        -1.3641687631607056,
        -1.0045452117919922
      ],
      "wp_true": [
        0.029634296894073486,
        -1.1987335681915283,
        -1.3111099004745483,
        0.0771094560623169,
        -1.3076114654541016,
        -1.043114185333252,
        0.07668560743331909,
        -1.3189656734466553,
        -1.009040117263794
      ],
      "wp_abs_err": [
        0.01310141384601593,
        0.010119795799255371,
        0.018636107444763184,
        0.014316603541374207,
        0.0519331693649292,
        0.023648977279663086,
        0.011130161583423615,
        0.04520308971405029,
        0.004494905471801758
      ],
      "so_pred": [
        0.5437328219413757,
        -0.013107020407915115,
        0.006086289882659912
      ],
      "so_true": [
        0.5529732704162598,
        0.021636344492435455,
        0.0
      ],
      "so_labeled": true
    },
    {
      "episode_id": "20260428_182040",
      "input": [
        0.5469648241996765,
        -0.028517326340079308,
        0.11670447885990143,
        1.0,
        0.0
      ],
      "wp_pred": [
        0.043068110942840576,
        -1.1854438781738281,
        -1.289146900177002,
        0.06217692792415619,
        -1.3565253019332886,
        -1.0164979696273804,
        0.06551898270845413,
        -1.3603148460388184,
        -1.0018088817596436
      ],
      "wp_true": [
        0.04107922315597534,
        -1.184321403503418,
        -1.2844445705413818,
        0.06166791915893555,
        -1.2936537265777588,
        -1.0218356847763062,
        0.06160736083984375,
        -1.312486171722412,
        -0.984618067741394
      ],
      "wp_abs_err": [
        0.0019888877868652344,
        0.0011224746704101562,
        0.004702329635620117,
        0.0005090087652206421,
        0.06287157535552979,
        0.005337715148925781,
        0.003911621868610382,
        0.04782867431640625,
        0.01719081401824951
      ],
      "so_pred": [
        0.5444964170455933,
        -0.01225220039486885,
        0.006382003426551819
      ],
      "so_true": [
        0.5289757251739502,
        0.015415630303323269,
        0.0
      ],
      "so_labeled": true
    },
    {
      "episode_id": "20260428_182718",
      "input": [
        0.5340062975883484,
        0.009142545983195305,
        0.058415744453668594,
        1.0,
        0.0
      ],
      "wp_pred": [
        0.04371480643749237,
        -1.1743310689926147,
        -1.2775624990463257,
        0.05942995846271515,
        -1.347139835357666,
        -1.0053908824920654,
        0.06424400210380554,
        -1.3464748859405518,
        -0.9909316301345825
      ],
      "wp_true": [
        0.034751176834106445,
        -1.1846544742584229,
        -1.2867825031280518,
        0.012860536575317383,
        -1.534299373626709,
        -0.9930694103240967,
        0.012860536575317383,
        -1.5345416069030762,
        -0.9929746389389038
      ],
      "wp_abs_err": [
        0.008963629603385925,
        0.010323405265808105,
        0.009220004081726074,
        0.046569421887397766,
        0.18715953826904297,
        0.01232147216796875,
        0.05138346552848816,
        0.18806672096252441,
        0.002043008804321289
      ],
      "so_pred": [
        0.5442713499069214,
        -0.006723012775182724,
        0.008668243885040283
      ],
      "so_true": [
        0.5163512825965881,
        0.018986772745847702,
        0.0
      ],
      "so_labeled": true
    },
    {
      "episode_id": "20260428_184650",
      "input": [
        0.6292281746864319,
        -0.064515620470047,
        0.18846166133880615,
        1.0,
        0.0
      ],
      "wp_pred": [
        0.03984224796295166,
        -1.2114635705947876,
        -1.316847562789917,
        0.06625066697597504,
        -1.3832401037216187,
        -1.0397863388061523,
        0.0643020048737526,
        -1.3913090229034424,
        -1.0220179557800293
      ],
      "wp_true": [
        0.03862673044204712,
        -1.1853508949279785,
        -1.3117417097091675,
        0.056399643421173096,
        -1.3857276439666748,
        -1.0301449298858643,
        0.06036597490310669,
        -1.3985955715179443,
        -1.0142689943313599
      ],
      "wp_abs_err": [
        0.001215517520904541,
        0.026112675666809082,
        0.005105853080749512,
        0.009851023554801941,
        0.0024875402450561523,
        0.009641408920288086,
        0.0039360299706459045,
        0.007286548614501953,
        0.007748961448669434
      ],
      "so_pred": [
        0.544308602809906,
        -0.021749168634414673,
        0.00522293895483017
      ],
      "so_true": [
        0.49263525009155273,
        0.0329035259783268,
        0.0
      ],
      "so_labeled": true
    },
    {
      "episode_id": "20260428_214906",
      "input": [
        0.5693626999855042,
        -0.06858021765947342,
        0.1235402524471283,
        1.0,
        0.0
      ],
      "wp_pred": [
        0.04330730438232422,
        -1.1908600330352783,
        -1.2952971458435059,
        0.06336237490177155,
        -1.3612746000289917,
        -1.0219312906265259,
        0.06658712774515152,
        -1.3668010234832764,
        -1.006575584411621
      ],
      "wp_true": [
        0.024729371070861816,
        -1.1948883533477783,
        -1.2764829397201538,
        0.0496174693107605,
        -1.3865149021148682,
        -1.1205509901046753,
        0.048012733459472656,
        -1.4170951843261719,
        -1.059385061264038
      ],
      "wp_abs_err": [
        0.018577933311462402,
        0.0040283203125,
        0.01881420612335205,
        0.013744905591011047,
        0.025240302085876465,
        0.09861969947814941,
        0.018574394285678864,
        0.05029416084289551,
        0.05280947685241699
      ],
      "so_pred": [
        0.5605224370956421,
        -0.03078479692339897,
        0.006359726190567017
      ],
      "so_true": [
        0.46539899706840515,
        -0.02228349819779396,
        0.0
      ],
      "so_labeled": true
    },
    {
      "episode_id": "20260428_220637",
      "input": [
        0.565313458442688,
        -0.06692281365394592,
        0.13551507890224457,
        1.0,
        0.0
      ],
      "wp_pred": [
        0.043130502104759216,
        -1.1918330192565918,
        -1.2961664199829102,
        0.06368346512317657,
        -1.361970067024231,
        -1.0229438543319702,
        0.06664907932281494,
        -1.3681058883666992,
        -1.0077593326568604
      ],