{
  "val_samples": 6,
  "standoff_labeled_n": 3,
  "wp_mse_per_dim": [
    0.00012905345647595823,
    0.00014981791900936514,
    0.00014230061788111925,
    0.00023497779329773039,
    0.003873327048495412,
    0.006442358251661062,
    0.00017938355449587107,
    0.00515724578872323,
    0.004278847482055426
  ],
  "wp_mae_per_dim": [
    0.011181928217411041,
    0.009589831344783306,
    0.009191036224365234,
    0.008996054530143738,
    0.05327359959483147,
    0.06508886814117432,
    0.008263061754405499,
    0.05687383934855461,
    0.05095179006457329
  ],
  "wp_mse_overall": 0.002287479117512703,
  "wp_mae_overall": 0.030378887429833412,
  "so_mse_per_dim": [
    0.0013034739531576633,
    0.0006575302686542273,
    3.201116851414554e-05
  ],
  "so_mae_per_dim": [
    0.03151724860072136,
    0.018985440954566002,
    0.004681331571191549
  ],
  "per_sample": [
    {
      "episode_id": "20260425_192106",
      "input": [
        0.5504243969917297,
        -0.20208293199539185,
        0.14722426235675812,
        1.0,
        0.0
      ],
      "wp_pred": [
        0.04997139424085617,
        -1.1872776746749878,
        -1.2836664915084839,
        0.08606131374835968,
        -1.2914994955062866,
        -1.001961350440979,
        0.08129376173019409,
        -1.3067030906677246,
        -0.9808617234230042
      ],
      "wp_true": [
        0.03674954175949097,
        -1.184926986694336,
        -1.2855819463729858,
        0.08543580770492554,
        -1.306885004043579,
        -1.0267959833145142,
        0.08740383386611938,
        -1.3158471584320068,
        -0.9974136352539062
      ],
      "wp_abs_err": [
        0.013221852481365204,
        0.0023506879806518555,
        0.0019154548645019531,
        0.0006255060434341431,
        0.01538550853729248,
        0.024834632873535156,
        0.006110072135925293,
        0.009144067764282227,
        0.0165519118309021
      ],
      "so_pred": [
        0.5761843323707581,
        0.04235345870256424,
        0.007772408425807953
      ],
      "so_true": [
        0.5225624442100525,
        0.0849282294511795,
        0.0
      ],
      "so_labeled": true
    },
    {
      "episode_id": "20260424_134454",
      "input": [
        0.5986889004707336,
        -0.07233190536499023,
        0.2188732624053955,
        1.0,
        0.0
      ],
      "wp_pred": [
        0.044122859835624695,
        -1.2031474113464355,
        -1.2991173267364502,
        0.08732171356678009,
        -1.3052594661712646,
        -1.0171276330947876,
        0.07941433787345886,
        -1.3224238157272339,
        -0.9946281313896179
      ],
      "wp_true": [
        0.03717339038848877,
        -1.1845636367797852,
        -1.2840338945388794,
        0.08152997493743896,
        -1.2456939220428467,
        -1.0419926643371582,
        0.0803188681602478,
        -1.3115780353546143,
        -0.9666885137557983
      ],
      "wp_abs_err": [
        0.006949469447135925,
        0.01858377456665039,
        0.0150834321975708,
        0.0057917386293411255,
        0.05956554412841797,
        0.024865031242370605,
        0.0009045302867889404,
        0.010845780372619629,
        0.02793961763381958
      ],
      "so_pred": [
        0.45515066385269165,
        0.03964398056268692,
        -0.010759122669696808
      ],
      "so_true": [
        null,
        null,
        null
      ],
      "so_labeled": false
    },
    {
      "episode_id": "20260424_134716",
      "input": [
        0.5795264840126038,
        -0.1116635873913765,
        0.2077910304069519,
        1.0,
        0.0
      ],
      "wp_pred": [
        0.04579152166843414,
        -1.1997448205947876,
        -1.295973539352417,
        0.08734850585460663,
        -1.3022485971450806,
        -1.0139724016189575,
        0.07998155802488327,
        -1.3195539712905884,
        -0.9920018315315247
      ],
      "wp_true": [
        0.05758047103881836,
        -1.1830196380615234,
        -1.2869563102722168,
        0.12337350845336914,
        -1.2129337787628174,
        -1.14915931224823,
        0.11150473356246948,
        -1.2119951248168945,
        -1.1145323514938354
      ],
      "wp_abs_err": [
        0.011788949370384216,
        0.01672518253326416,
        0.009017229080200195,
        0.03602500259876251,
        0.08931481838226318,
        0.13518691062927246,
        0.03152317553758621,
        0.10755884647369385,
        0.12253051996231079
      ],
      "so_pred": [
        0.487209677696228,
        0.04061250388622284,
        -0.005348436534404755
      ],
      "so_true": [
        null,
        null,
        null
      ],
      "so_labeled": false
    },
    {
      "episode_id": "20260424_194838",
      "input": [
        0.5306029915809631,
        -0.13358144462108612,
        0.15427634119987488,
        1.0,
        0.0
      ],
      "wp_pred": [
        0.048687390983104706,
        -1.1864099502563477,
        -1.2823221683502197,
        0.08538593351840973,
        -1.2902367115020752,
        -1.0019075870513916,
        0.08050722628831863,
        -1.3055393695831299,
        -0.9810815453529358
      ],
      "wp_true": [
        0.03623479604721069,
        -1.184926986694336,
        -1.2847447395324707,
        0.08516329526901245,
        -1.2694921493530273,
        -0.9892466068267822,
        0.0836191177368164,
        -1.2697949409484863,
        -0.9808899164199829
      ],
      "wp_abs_err": [
        0.012452594935894012,
        0.0014829635620117188,
        0.0024225711822509766,
        0.00022263824939727783,
        0.02074456214904785,
        0.012660980224609375,
        0.003111891448497772,
        0.035744428634643555,
        0.00019162893295288086
      ],
      "so_pred": [
        0.5298366546630859,
        0.04006734490394592,
        0.00031118839979171753
      ],
      "so_true": [
        0.4994347095489502,
        0.02755843475461006,
        0.0
      ],
      "so_labeled": true
    },
    {
      "episode_id": "20260424_195325",
      "input": [
        0.5575197339057922,
        -0.0955662801861763,
        0.15544378757476807,
        1.0,
        0.0
      ],
      "wp_pred": [
        0.04711754620075226,
        -1.188770055770874,
        -1.2843623161315918,
        0.08499711751937866,
        -1.2924362421035767,
        -1.0038926601409912,
        0.07990583032369614,
        -1.3068848848342896,
        -0.9823918342590332
      ],
      "wp_true": [
        0.03578066825866699,
        -1.1865317821502686,
        -1.280463695526123,
        0.07668560743331909,
        -1.2566242218017578,
        -0.9208457469940186,
        0.07723057270050049,
        -1.250023603439331,
        -0.9157905578613281
      ],
      "wp_abs_err": [
        0.011336877942085266,
        0.0022382736206054688,
        0.00389862060546875,
        0.00831151008605957,
        0.03581202030181885,
        0.08304691314697266,
        0.002675257623195648,
        0.056861281394958496,
        0.06660127639770508
      ],
      "so_pred": [
        0.4892312288284302,
        0.0392475500702858,
        -0.00596039742231369
      ],
      "so_true": [
        0.49975913763046265,
        0.03737490624189377,
        0.0
      ],
      "so_labeled": true
    },
    {
      "episode_id": "20260424_134604",
      "input": [
        0.5832006335258484,
        -0.11189427226781845,
        0.2043696939945221,
        1.0,
        0.0
      ],
      "wp_pred": [
        0.04578445851802826,
        -1.1994805335998535,
        -1.2956743240356445,
        0.08722463250160217,
        -1.302064061164856,
        -1.0136452913284302,
        0.07997041195631027,
        -1.319095492362976,
        -0.991596519947052
      ],