{
  "val_samples": 17122,
  "val_episode_ids": [
    "20260428_174127",
    "20260428_182040",
    "20260428_182601",
    "20260428_182718",
    "20260428_184650",
    "20260428_214906",
    "20260428_220637",
    "20260429_182041",
    "20260429_192320"
  ],
  "joint_names": [
    "FR_hip",
    "FR_thigh",
    "FR_calf",
    "FL_hip",
    "FL_thigh",
    "FL_calf",
    "RL_hip",
    "RL_thigh",
    "RL_calf",
    "RR_hip",
    "RR_thigh",
    "RR_calf"
  ],
  "phase_names": {
    "0": "lift",
    "1": "extend",
    "2": "hold"
  },
  "joint_weights": [
    1.0,
    1.0,
    1.0,
    1.0,
    1.0,
    1.0,
    1.0,
    1.0,
    1.0,
    1.0,
    1.0,
    1.0
  ],
  "per_joint_mse": [
    1.193523894471582e-05,
    0.00021542007743846625,
    0.00020672063692472875,
    1.847131352405995e-05,
    8.443531260127202e-05,
    2.6062594770337455e-05,
    4.08555606554728e-05,
    2.949044392153155e-05,
    2.331366340513341e-05,
    3.0501132641802542e-05,
    2.79999258054886e-05,
    3.1499337637797e-05
  ],
  "per_joint_mae": [
    0.002182700438424945,
    0.009007811546325684,
    0.0061898259446024895,
    0.003004173282533884,
    0.0048107123002409935,
    0.0033619687892496586,
    0.003262039041146636,
    0.0037513806018978357,
    0.0030318177305161953,
    0.003126980271190405,
    0.0035771019756793976,
    0.0035715571139007807
  ],
  "pred_mean": [
    0.022463349625468254,
    0.035613007843494415,
    -0.10511603206396103,
    -0.006619297433644533,
    -0.03973570466041565,
    0.018009396269917488,
    -0.06110086664557457,
    -0.04036440700292587,
    -0.02512550912797451,
    0.02113940939307213,
    -0.06055733561515808,
    -0.012729081325232983
  ],
  "pred_std": [
    0.03112727589905262,
    0.12944450974464417,
    0.059728819876909256,
    0.04485059529542923,
    0.03787923604249954,
    0.00994553230702877,
    0.03572090342640877,
    0.05775439366698265,
    0.0169526394456625,
    0.010847982950508595,
    0.042825497686862946,
    0.02444521337747574
  ],
  "pred_min": [
    -0.06840772926807404,
    -0.19825464487075806,
    -0.2286979854106903,
    -0.08366971462965012,
    -0.11167902499437332,
    -0.03341582790017128,
    -0.17407527565956116,
    -0.24956223368644714,
    -0.07618077099323273,
    -0.0021164752542972565,
    -0.16641555726528168,
    -0.04965813085436821
  ],
  "pred_max": [
    0.07007881999015808,
    0.4385168254375458,
    -0.013253800570964813,
    0.13196083903312683,
    0.07091689854860306,
    0.053295787423849106,
    -0.004625555127859116,
    0.023437827825546265,
    0.0049776844680309296,
    0.08917400240898132,
    0.03135603666305542,
    0.08583509176969528
  ],
  "true_mean": [
    0.02110816165804863,
    0.038122307509183884,
    -0.1082143783569336,
    -0.007276841439306736,
    -0.04149236902594566,
    0.017986182123422623,
    -0.06097414344549179,
    -0.04024992138147354,
    -0.026845576241612434,
    0.02113722264766693,
    -0.06089426949620247,
    -0.013212848454713821
  ],
  "true_std": [
    0.03045697882771492,
    0.13147030770778656,
    0.06441518664360046,
    0.0442647747695446,
    0.04117083176970482,
    0.012853747233748436,
    0.036701612174510956,
    0.058921944350004196,
    0.019332842901349068,
    0.01244434155523777,
    0.046171486377716064,
    0.028198029845952988
  ],
  "true_min": [
    -0.06648293882608414,
    -0.20157194137573242,
    -0.28085100650787354,
    -0.08003658056259155,
    -0.13412943482398987,
    -0.07580447196960449,
    -0.19602929055690765,
    -0.2453690767288208,
    -0.07598340511322021,
    -0.008689641952514648,
    -0.17860716581344604,
    -0.07622110843658447
  ],
  "true_max": [
    0.06558798998594284,
    0.43309152126312256,
    -0.0150071382522583,
    0.13428348302841187,
    0.07481575012207031,
    0.06244552135467529,
    9.083002805709839e-05,
    0.02040708065032959,
    0.0030014514923095703,
    0.19560381770133972,
    0.04193437099456787,
    0.08841562271118164
  ],
  "per_phase_per_joint_mse": {
    "0": [
      4.887541308562504e-06,
      0.0003376091772224754,
      1.7770309568732046e-05,
      4.6695140554220416e-06,
      6.416909400286386e-06,
      7.606206963828299e-06,
      4.5162792957853526e-05,
      7.423724127875175e-06,
      8.839761903800536e-06,
      3.874468893627636e-05,
      9.396819223184139e-06,
      8.099465958366636e-06
    ],
    "1": [
      2.2543188606505282e-05,
      0.00019408788648433983,
      0.00011290516704320908,
      3.336605368531309e-05,
      0.00011069462198065594,
      2.4341008611372672e-05,
      2.2160424123285338e-05,
      3.759424726013094e-05,
      3.7949848774587736e-05,
      3.248106440878473e-05,
      4.7158981033135206e-05,
      5.5440094001824036e-05
    ],
    "2": [
      6.3827651501924265e-06,
      0.00011383980017853901,
      0.0005181148881092668,
      1.475211865908932e-05,
      0.00013391576067078859,
      4.742246164823882e-05,
      5.911042899242602e-05,
      4.266212636139244e-05,
      2.0610714273061603e-05,
      1.948756107594818e-05,
      2.4103146643028595e-05,
      2.6790672563947737e-05
    ]
  },
  "n_per_phase": {
    "0": 5481,
    "1": 6390,
    "2": 5251
  },
  "worst_fr": [
    {
      "rank": 1,
      "idx": 578,
      "episode_id": "20260429_182041",
      "phase": 0,
      "phase_name": "lift",
      "fr_pred": [
        0.011789195239543915,
        0.09124989807605743,
        -0.06146552413702011
      ],
      "fr_true": [
        0.010664576664566994,
        0.2620375156402588,
        -0.052504777908325195
      ],
      "fr_abs_err": [
        0.001124618574976921,
        0.17078761756420135,
        0.008960746228694916
      ],
      "fr_abs_err_sum": 0.18087297677993774,
      "foot_to_target_error": [
        0.6909286975860596,
        0.039804838597774506,
        0.037997227162122726
      ]
    },
    {
      "rank": 2,
      "idx": 580,
      "episode_id": "20260429_182041",
      "phase": 0,
      "phase_name": "lift",
      "fr_pred": [
        0.011622890830039978,
        0.09221989661455154,
        -0.05926179513335228
      ],
      "fr_true": [
        0.010634297505021095,
        0.26094746589660645,
        -0.05252063274383545
      ],
      "fr_abs_err": [
        0.0009885933250188828,
        0.1687275767326355,
        0.0067411623895168304
      ],
      "fr_abs_err_sum": 0.17645733058452606,
      "foot_to_target_error": [
        0.6908270120620728,
        0.03981129080057144,
        0.03735087439417839
      ]
    },
    {
      "rank": 3,
      "idx": 577,
      "episode_id": "20260429_182041",
      "phase": 0,
      "phase_name": "lift",
      "fr_pred": [
        0.011088911443948746,
        0.09578711539506912,
        -0.06048450246453285
      ],
      "fr_true": [
        0.010664576664566994,
        0.26288533210754395,
        -0.05252063274383545
      ],
      "fr_abs_err": [
        0.000424334779381752,
        0.16709822416305542,
        0.007963869720697403
      ],
      "fr_abs_err_sum": 0.17548643052577972,
      "foot_to_target_error": [
        0.6910353899002075,
        0.039798393845558167,
        0.03868411108851433
      ]
    },
    {
      "rank": 4,
      "idx": 579,
      "episode_id": "20260429_182041",
      "phase": 0,
      "phase_name": "lift",
      "fr_pred": [
        0.011618152260780334,
        0.09471073001623154,
        -0.06064551696181297
      ],
      "fr_true": [
        0.010634297505021095,
        0.26094746589660645,
        -0.05252063274383545
      ],
      "fr_abs_err": [
        0.0009838547557592392,
        0.1662367284297943,
        0.008124884217977524
      ],
      "fr_abs_err_sum": 0.17534546554088593,
      "foot_to_target_error": [
        0.6908868551254272,
        0.039804838597774506,
        0.03771674633026123
      ]
    },
    {
      "rank": 5,
      "idx": 573,
      "episode_id": "20260429_182041",
      "phase": 0,
      "phase_name": "lift",