{
  "val_samples": 5900,
  "val_episode_ids": [
    "20260428_174015",
    "20260428_174127",
    "20260428_182944"
  ],
  "joint_names": [
    "FR_hip",
    "FR_thigh",
    "FR_calf",
    "FL_hip",
    "FL_thigh",
    "FL_calf",
    "RL_hip",
    "RL_thigh",
    "RL_calf",
    "RR_hip",
    "RR_thigh",
    "RR_calf"
  ],
  "phase_names": {
    "0": "lift",
    "1": "extend",
    "2": "hold"
  },
  "joint_weights": [
    5.0,
    5.0,
    5.0,
    1.0,
    1.0,
    1.0,
    1.0,
    1.0,
    1.0,
    1.0,
    1.0,
    1.0
  ],
  "per_joint_mse": [
    4.220150367473252e-05,
    0.00033445123699493706,
    5.2405684982659295e-05,
    4.369513408164494e-05,
    2.9751963666058145e-05,
    4.213267402519705e-06,
    4.5144170144340023e-05,
    1.5827441529836506e-05,
    1.1234646990487818e-05,
    1.820601573854219e-05,
    2.9555276341852732e-05,
    8.39590938994661e-06
  ],
  "per_joint_mae": [
    0.00495536532253027,
    0.01366262137889862,
    0.005173846147954464,
    0.0048258379101753235,
    0.0037293024361133575,
    0.0012136324075981975,
    0.004459491465240717,
    0.003150586038827896,
    0.002149703213945031,
    0.002087213099002838,
    0.004080926068127155,
    0.002093811985105276
  ],
  "pred_mean": [
    0.015999987721443176,
    0.015627870336174965,
    -0.10020942240953445,
    -0.015232808887958527,
    -0.025693658739328384,
    0.015079428441822529,
    -0.05140069127082825,
    -0.01052133459597826,
    -0.019649213179945946,
    0.020442599430680275,
    -0.045193593949079514,
    -0.00703964801505208
  ],
  "pred_std": [
    0.03034827671945095,
    0.15100853145122528,
    0.0566268153488636,
    0.024015314877033234,
    0.022301120683550835,
    0.004642844665795565,
    0.02065218985080719,
    0.020895546302199364,
    0.008621571585536003,
    0.010488861240446568,
    0.027250196784734726,
    0.009607415646314621
  ],
  "pred_min": [
    -0.057498738169670105,
    -0.21603846549987793,
    -0.18652231991291046,
    -0.05919359251856804,
    -0.07365800440311432,
    -0.012991102412343025,
    -0.10389746725559235,
    -0.05346037447452545,
    -0.03612885624170303,
    -0.0011081434786319733,
    -0.09836328029632568,
    -0.02398027293384075
  ],
  "pred_max": [
    0.06160467118024826,
    0.4353838860988617,
    -0.013377822935581207,
    0.020647723227739334,
    0.010998684912919998,
    0.023987265303730965,
    0.0021761953830718994,
    0.039155490696430206,
    0.009040091186761856,
    0.040759000927209854,
    0.012194378301501274,
    0.013053065165877342
  ],
  "true_mean": [
    0.013545786030590534,
    0.027111206203699112,
    -0.09596055746078491,
    -0.017922617495059967,
    -0.023264551535248756,
    0.014964846894145012,
    -0.052116889506578445,
    -0.012272194027900696,
    -0.01912238448858261,
    0.021221760660409927,
    -0.04611080884933472,
    -0.007878603413701057
  ],
  "true_std": [
    0.03304752707481384,
    0.14556026458740234,
    0.05493510887026787,
    0.02674482949078083,
    0.0235359575599432,
    0.004735083319246769,
    0.0242081880569458,
    0.02018890343606472,
    0.0072478181682527065,
    0.011003144085407257,
    0.028141427785158157,
    0.009788671508431435
  ],
  "true_min": [
    -0.05679207295179367,
    -0.20305562019348145,
    -0.17921817302703857,
    -0.05519595742225647,
    -0.07018154859542847,
    -0.07531476020812988,
    -0.19512096047401428,
    -0.05119931697845459,
    -0.06460535526275635,
    -6.0558319091796875e-05,
    -0.09772557020187378,
    -0.07622110843658447
  ],
  "true_max": [
    0.05768560618162155,
    0.43151986598968506,
    -0.016419291496276855,
    0.0442926287651062,
    0.011929333209991455,
    0.01974618434906006,
    3.0279159545898438e-05,
    0.03615128993988037,
    0.002811908721923828,
    0.17501506209373474,
    0.0010899901390075684,
    0.007519364356994629
  ],
  "per_phase_per_joint_mse": {
    "0": [
      3.417027755858726e-06,
      2.453712841088418e-05,
      4.468838142202003e-06,
      4.728854946733918e-06,
      6.137641776149394e-06,
      8.530634659109637e-06,
      4.418950265971944e-05,
      6.29683063380071e-06,
      6.4364085119450465e-06,
      3.713867408805527e-05,
      6.4644577832950745e-06,
      9.06266814126866e-06
    ],
    "1": [
      5.638504444505088e-05,
      0.0004099179641343653,
      9.654354653321207e-05,
      5.495066579896957e-05,
      3.9970531361177564e-05,
      3.6382791677169735e-06,
      2.6529080059845e-05,
      2.439293166389689e-05,
      8.317843821714632e-06,
      7.1642107286606915e-06,
      2.4699516870896332e-05,
      7.713726517977193e-06
    ],
    "2": [
      6.300233508227393e-05,
      0.0005488520837388933,
      4.4257878471398726e-05,
      6.840387504780665e-05,
      4.040249768877402e-05,
      6.203699740581214e-07,
      6.978798774071038e-05,
      1.447461727366317e-05,
      1.9752431398956105e-05,
      1.329232873104047e-05,
      5.88634648011066e-05,
      8.596108273195568e-06
    ]
  },
  "n_per_phase": {
    "0": 1805,
    "1": 2293,
    "2": 1802
  },
  "worst_fr": [
    {
      "rank": 1,
      "idx": 1115,
      "episode_id": "20260428_174015",
      "phase": 1,
      "phase_name": "extend",
      "fr_pred": [
        0.033672116696834564,
        -0.015096078626811504,
        -0.16639229655265808
      ],
      "fr_true": [
        0.04197155684232712,
        0.03065657615661621,
        -0.1403025984764099
      ],
      "fr_abs_err": [
        0.008299440145492554,
        0.04575265571475029,
        0.02608969807624817
      ],
      "fr_abs_err_sum": 0.08014179766178131,
      "foot_to_target_error": [
        0.7319796681404114,
        0.01067700982093811,
        -0.012035124003887177
      ]
    },
    {
      "rank": 2,
      "idx": 1147,
      "episode_id": "20260428_174015",
      "phase": 1,
      "phase_name": "extend",
      "fr_pred": [
        0.031194068491458893,
        -0.020489901304244995,
        -0.17438721656799316
      ],
      "fr_true": [
        0.04194127768278122,
        0.023450613021850586,
        -0.149164617061615
      ],
      "fr_abs_err": [
        0.010747209191322327,
        0.04394051432609558,
        0.025222599506378174
      ],
      "fr_abs_err_sum": 0.07991032302379608,
      "foot_to_target_error": [
        0.7333441972732544,
        0.010683447122573853,
        -0.012515135109424591
      ]
    },
    {
      "rank": 3,
      "idx": 1153,
      "episode_id": "20260428_174015",
      "phase": 1,
      "phase_name": "extend",
      "fr_pred": [
        0.03151000291109085,
        -0.02244706265628338,
        -0.17413660883903503
      ],
      "fr_true": [
        0.042001836001873016,
        0.02142190933227539,
        -0.1497470736503601
      ],
      "fr_abs_err": [
        0.010491833090782166,
        0.04386897385120392,
        0.024389535188674927
      ],
      "fr_abs_err_sum": 0.07875034213066101,
      "foot_to_target_error": [
        0.7336112856864929,
        0.010670572519302368,
        -0.01276274025440216
      ]
    },
    {
      "rank": 4,
      "idx": 1149,
      "episode_id": "20260428_174015",
      "phase": 1,
      "phase_name": "extend",
      "fr_pred": [
        0.03136812150478363,
        -0.02189033478498459,
        -0.17256751656532288
      ],
      "fr_true": [
        0.04197155684232712,
        0.022845029830932617,
        -0.14926928281784058
      ],
      "fr_abs_err": [
        0.010603435337543488,
        0.044735364615917206,
        0.0232982337474823
      ],
      "fr_abs_err_sum": 0.078637033700943,
      "foot_to_target_error": [
        0.7334355115890503,
        0.01067700982093811,
        -0.012571491301059723
      ]
    },
    {
      "rank": 5,
      "idx": 1167,
      "episode_id": "20260428_174015",
      "phase": 1,
      "phase_name": "extend",
      "fr_pred": [
        0.03377688676118851,
        -0.02523493580520153,
        -0.1781846433877945
      ],