{
  "val_samples": 17122,
  "val_episode_ids": [
    "20260428_174127",
    "20260428_182040",
    "20260428_182601",
    "20260428_182718",
    "20260428_184650",
    "20260428_214906",
    "20260428_220637",
    "20260429_182041",
    "20260429_192320"
  ],
  "joint_names": [
    "FR_hip",
    "FR_thigh",
    "FR_calf",
    "FL_hip",
    "FL_thigh",
    "FL_calf",
    "RL_hip",
    "RL_thigh",
    "RL_calf",
    "RR_hip",
    "RR_thigh",
    "RR_calf"
  ],
  "phase_names": {
    "0": "lift",
    "1": "extend",
    "2": "hold"
  },
  "joint_weights": [
    3.0,
    3.0,
    3.0,
    1.0,
    1.0,
    1.0,
    1.0,
    1.0,
    1.0,
    1.0,
    1.0,
    1.0
  ],
  "per_joint_mse": [
    1.6053902072599158e-05,
    0.00020813274022657424,
    0.00019697396783158183,
    2.2409167286241427e-05,
    6.550295074703172e-05,
    2.753080661932472e-05,
    4.186891237623058e-05,
    6.37437988189049e-05,
    3.1886283977655694e-05,
    2.315640995220747e-05,
    4.29080864705611e-05,
    5.872512701898813e-05
  ],
  "per_joint_mae": [
    0.00283064809627831,
    0.008726321160793304,
    0.006451004650443792,
    0.0030039942357689142,
    0.004734177142381668,
    0.003232944756746292,
    0.0036207926459610462,
    0.004954318981617689,
    0.00333015457727015,
    0.002486058510839939,
    0.003956200089305639,
    0.00388084608130157
  ],
  "pred_mean": [
    0.021453194320201874,
    0.03664737567305565,
    -0.10511577129364014,
    -0.006100145634263754,
    -0.04028036817908287,
    0.017239587381482124,
    -0.06268808990716934,
    -0.04152688384056091,
    -0.025245049968361855,
    0.02114129438996315,
    -0.060980379581451416,
    -0.01520569808781147
  ],
  "pred_std": [
    0.03207218274474144,
    0.12890559434890747,
    0.059905167669057846,
    0.043665505945682526,
    0.03695511817932129,
    0.010423623025417328,
    0.03595497086644173,
    0.05573640018701553,
    0.017396200448274612,
    0.011742104776203632,
    0.04262738302350044,
    0.022448252886533737
  ],
  "pred_min": [
    -0.06641269475221634,
    -0.19796277582645416,
    -0.23223112523555756,
    -0.08654288947582245,
    -0.11543406546115875,
    -0.03890608996152878,
    -0.18394312262535095,
    -0.2353057861328125,
    -0.07744470983743668,
    -0.008651905693113804,
    -0.14695629477500916,
    -0.05490364506840706
  ],
  "pred_max": [
    0.07121844589710236,
    0.43798646330833435,
    -0.013318464159965515,
    0.14156517386436462,
    0.05995559319853783,
    0.05753821134567261,
    -0.003705061972141266,
    0.021750986576080322,
    0.004284311085939407,
    0.08985701948404312,
    0.03262212127447128,
    0.07194061577320099
  ],
  "true_mean": [
    0.02110816165804863,
    0.038122307509183884,
    -0.1082143783569336,
    -0.007276841439306736,
    -0.04149236902594566,
    0.017986182123422623,
    -0.06097414344549179,
    -0.04024992138147354,
    -0.026845576241612434,
    0.02113722264766693,
    -0.06089426949620247,
    -0.013212848454713821
  ],
  "true_std": [
    0.03045697882771492,
    0.13147030770778656,
    0.06441518664360046,
    0.0442647747695446,
    0.04117083176970482,
    0.012853747233748436,
    0.036701612174510956,
    0.058921944350004196,
    0.019332842901349068,
    0.01244434155523777,
    0.046171486377716064,
    0.028198029845952988
  ],
  "true_min": [
    -0.06648293882608414,
    -0.20157194137573242,
    -0.28085100650787354,
    -0.08003658056259155,
    -0.13412943482398987,
    -0.07580447196960449,
    -0.19602929055690765,
    -0.2453690767288208,
    -0.07598340511322021,
    -0.008689641952514648,
    -0.17860716581344604,
    -0.07622110843658447
  ],
  "true_max": [
    0.06558798998594284,
    0.43309152126312256,
    -0.0150071382522583,
    0.13428348302841187,
    0.07481575012207031,
    0.06244552135467529,
    9.083002805709839e-05,
    0.02040708065032959,
    0.0030014514923095703,
    0.19560381770133972,
    0.04193437099456787,
    0.08841562271118164
  ],
  "per_phase_per_joint_mse": {
    "0": [
      2.110362856910797e-06,
      0.00033720358624123037,
      1.2889690879092086e-05,
      4.920646006212337e-06,
      9.821274943533354e-06,
      8.701407750777435e-06,
      4.5546519686467946e-05,
      8.937451639212668e-06,
      9.61129626375623e-06,
      3.990593904745765e-05,
      1.0026022209785879e-05,
      8.653295481053647e-06
    ],
    "1": [
      2.232862971141003e-05,
      0.00017766999371815473,
      0.00010832279804162681,
      3.446338087087497e-05,
      0.00013078890333417803,
      1.866134516603779e-05,
      4.050740972161293e-05,
      0.00011518428800627589,
      4.375832213554531e-05,
      1.6895173757802695e-05,
      9.042474994203076e-05,
      0.00010925716196652502
    ],
    "2": [
      2.2972497390583158e-05,
      0.00011047975567635149,
      0.000497005064971745,
      2.5995002943091094e-05,
      4.417653690325096e-05,
      5.797846824862063e-05,
      3.968774763052352e-05,
      5.835259071318433e-05,
      4.069021451869048e-05,
      1.3292991752678063e-05,
      1.9406961655477062e-05,
      4.9497513828100637e-05
    ]
  },
  "n_per_phase": {
    "0": 5481,
    "1": 6390,
    "2": 5251
  },
  "worst_fr": [
    {
      "rank": 1,
      "idx": 580,
      "episode_id": "20260429_182041",
      "phase": 0,
      "phase_name": "lift",
      "fr_pred": [
        0.008292898535728455,
        0.09285753220319748,
        -0.06293758004903793
      ],
      "fr_true": [
        0.010634297505021095,
        0.26094746589660645,
        -0.05252063274383545
      ],
      "fr_abs_err": [
        0.0023413989692926407,
        0.16808992624282837,
        0.010416947305202484
      ],
      "fr_abs_err_sum": 0.18084827065467834,
      "foot_to_target_error": [
        0.6908270120620728,
        0.03981129080057144,
        0.03735087439417839
      ]
    },
    {
      "rank": 2,
      "idx": 578,
      "episode_id": "20260429_182041",
      "phase": 0,
      "phase_name": "lift",
      "fr_pred": [
        0.00827242061495781,
        0.09654344618320465,
        -0.06355174630880356
      ],
      "fr_true": [
        0.010664576664566994,
        0.2620375156402588,
        -0.052504777908325195
      ],
      "fr_abs_err": [
        0.0023921560496091843,
        0.16549406945705414,
        0.011046968400478363
      ],
      "fr_abs_err_sum": 0.17893320322036743,
      "foot_to_target_error": [
        0.6909286975860596,
        0.039804838597774506,
        0.037997227162122726
      ]
    },
    {
      "rank": 3,
      "idx": 581,
      "episode_id": "20260429_182041",
      "phase": 0,
      "phase_name": "lift",
      "fr_pred": [
        0.008292898535728455,
        0.09285753220319748,
        -0.06293758004903793
      ],
      "fr_true": [
        0.010664576664566994,
        0.25679945945739746,
        -0.052504777908325195
      ],
      "fr_abs_err": [
        0.002371678128838539,
        0.16394191980361938,
        0.010432802140712738
      ],
      "fr_abs_err_sum": 0.1767463982105255,
      "foot_to_target_error": [
        0.6908270120620728,
        0.03981129080057144,
        0.03735087439417839
      ]
    },
    {
      "rank": 4,
      "idx": 579,
      "episode_id": "20260429_182041",
      "phase": 0,
      "phase_name": "lift",
      "fr_pred": [
        0.008163180202245712,
        0.09773091226816177,
        -0.06336759030818939
      ],
      "fr_true": [
        0.010634297505021095,
        0.26094746589660645,
        -0.05252063274383545
      ],
      "fr_abs_err": [
        0.002471117302775383,
        0.16321656107902527,
        0.010846957564353943
      ],
      "fr_abs_err_sum": 0.17653463780879974,
      "foot_to_target_error": [
        0.6908868551254272,
        0.039804838597774506,
        0.03771674633026123
      ]
    },
    {
      "rank": 5,
      "idx": 576,
      "episode_id": "20260429_182041",
      "phase": 0,
      "phase_name": "lift",