{
  "val_samples": 3,
  "standoff_labeled_n": 3,
  "wp_mse_per_dim": [
    7.241542789415689e-06,
    1.7803407899918966e-05,
    2.395016599621158e-05,
    0.0010253762593492866,
    0.010392115451395512,
    0.0003607645630836487,
    0.0014635738916695118,
    0.009738365188241005,
    0.0001307690399698913
  ],
  "wp_mae_per_dim": [
    0.0024641628842800856,
    0.00416111946105957,
    0.00378958391956985,
    0.027409732341766357,
    0.10045071691274643,
    0.017070850357413292,
    0.028056571260094643,
    0.09777688980102539,
    0.010988791473209858
  ],
  "wp_mse_overall": 0.002573329024016857,
  "wp_mae_overall": 0.032463159412145615,
  "so_mse_per_dim": [
    0.0017953753704205155,
    7.444380753440782e-05,
    1.8641889028003789e-06
  ],
  "so_mae_per_dim": [
    0.03603089973330498,
    0.007098755333572626,
    0.0013274848461151123
  ],
  "per_sample": [
    {
      "episode_id": "20260428_174015",
      "input": [
        0.5726043581962585,
        -0.02817167341709137,
        0.1198299303650856,
        1.0,
        0.0
      ],
      "wp_pred": [
        0.039800211787223816,
        -1.181488275527954,
        -1.2858132123947144,
        0.04556165635585785,
        -1.3991236686706543,
        -1.0124256610870361,
        0.058516278862953186,
        -1.405897855758667,
        -0.9980754256248474
      ],
      "wp_true": [
        0.03693115711212158,
        -1.1851389408111572,
        -1.2847131490707397,
        0.06088072061538696,
        -1.317239761352539,
        -1.0043169260025024,
        0.06094127893447876,
        -1.321387767791748,
        -0.9906524419784546
      ],
      "wp_abs_err": [
        0.002869054675102234,
        0.003650665283203125,
        0.0011000633239746094,
        0.015319064259529114,
        0.08188390731811523,
        0.008108735084533691,
        0.0024250000715255737,
        0.08451008796691895,
        0.007422983646392822
      ],
      "so_pred": [
        0.5065863728523254,
        0.019206369295716286,
        -0.0009472370147705078
      ],
      "so_true": [
        0.4513002336025238,
        0.02731652930378914,
        0.0
      ],
      "so_labeled": true
    },
    {
      "episode_id": "20260428_174127",
      "input": [
        0.5632542371749878,
        -0.03198373690247536,
        0.1166774183511734,
        1.0,
        0.0
      ],
      "wp_pred": [
        0.040288448333740234,
        -1.1784453392028809,
        -1.2824455499649048,
        0.04524313658475876,
        -1.395904541015625,
        -1.0096944570541382,
        0.05862746387720108,
        -1.4023380279541016,
        -0.9958619475364685
      ],
      "wp_true": [
        0.03674954175949097,
        -1.1835947036743164,
        -1.284586787223816,
        0.061334848403930664,
        -1.300102710723877,
        -0.9947596788406372,
        0.0766553282737732,
        -1.309549331665039,
        -0.9807478189468384
      ],
      "wp_abs_err": [
        0.0035389065742492676,
        0.005149364471435547,
        0.002141237258911133,
        0.016091711819171906,
        0.09580183029174805,
        0.014934778213500977,
        0.018027864396572113,
        0.0927886962890625,
        0.015114128589630127
      ],
      "so_pred": [
        0.5052642226219177,
        0.018879519775509834,
        -0.0013066157698631287
      ],
      "so_true": [
        0.5100422501564026,
        0.03141479566693306,
        0.0
      ],
      "so_labeled": true
    },
    {
      "episode_id": "20260428_182944",
      "input": [
        0.6253810524940491,
        0.012068253941833973,
        0.06486552208662033,
        1.0,
        0.0
      ],
      "wp_pred": [
        0.03746155649423599,
        -1.1896095275878906,
        -1.2944992780685425,
        0.044906891882419586,
        -1.4076052904129028,
        -1.0193270444869995,
        0.057775042951107025,
        -1.4134230613708496,
        -1.0015082359313965
      ],
      "wp_true": [
        0.03647702932357788,
        -1.1859261989593506,
        -1.2863718271255493,
        -0.005911529064178467,
        -1.5312716960906982,
        -0.9911580085754395,
        -0.005941808223724365,
        -1.5294549465179443,
        -0.9910789728164673
      ],
      "wp_abs_err": [
        0.0009845271706581116,
        0.003683328628540039,
        0.008127450942993164,
        0.05081842094659805,
        0.12366640567779541,
        0.02816903591156006,
        0.06371685117483139,
        0.11603188514709473,
        0.0104292631149292
      ],
      "so_pred": [
        0.5171412229537964,
        0.01973712630569935,
        0.0017286017537117004
      ],
      "so_true": [
        0.5651697516441345,
        0.01908629573881626,
        0.0
      ],
      "so_labeled": true
    }
  ],
  "dim_labels_wp": [
    "lift_hip",
    "lift_thigh",
    "lift_calf",
    "extend_hip",
    "extend_thigh",
    "extend_calf",
    "press_hip",
    "press_thigh",
    "press_calf"
  ],
  "dim_labels_so": [
    "dx",
    "dy",
    "dyaw"
  ]
}